name,sat,effectPathNum,hub,authority,pagerank,PS,OS,hubDis,autDis,prDis,disData,disCtrl,disAST,disCFG,typeOperator,typeStatement,typeReturn,PAR,LOC,depNestBlock,ReachC,NeceC,InfoEntropy,weight,op
AORB_1,sat,5,0.11859765,0.34848025,0.095316745,0.9166667,0.8811881,0.0,0.0,0.0,3.540537999446869E-7,2.5979656885777302E-6,1.047460956971058E-6,2.901413787337326E-6,AORB,expression,double[],2,24,5,0,2,0.0,Kill,non
AORB_2,sat,5,0.11859765,0.34848025,0.095316745,0.9166667,0.8811881,0.0,0.0,0.0,3.540667756762872E-7,2.5986647885778424E-6,1.0475745495508448E-6,2.9022858160088205E-6,AORB,expression,double[],2,24,5,0,2,0.0,Kill,non
AORB_3,sat,5,0.11859765,0.34848025,0.095316745,0.9166667,0.8811881,0.0,0.0,0.0,3.540537999446869E-7,2.5979656885777302E-6,1.047460956971058E-6,2.901413787337326E-6,AORB,expression,double[],2,24,5,0,2,0.0,Kill,non
AORB_4,sat,5,0.11859765,0.34848025,0.095316745,0.9166667,0.8811881,0.0,0.0,0.0,3.533251705656326E-7,2.591993487399691E-6,1.042545308305165E-6,2.8957541815533006E-6,AORB,expression,double[],2,24,5,0,2,0.0,Kill,non
AORS_1,sat,16,0.37450624,0.36364782,0.18000506,0.962963,0.93430656,0.0,0.0,0.0,1.4131913581572064E-6,1.0365536496581562E-5,4.169340567239388E-6,1.1580311486292238E-5,AORS,for,double[],2,24,5,2,3,0.0,Kill,non
AORS_2,sat,1,0.05627709,0.6442217,0.2564164,0.8181818,0.93430656,0.0,0.0,0.0,1.4131913581572064E-6,1.0365536496581562E-5,4.169340567239388E-6,1.1580311486292238E-5,AORS,expression,double[],2,24,5,2,2,0.0,Kill,non
AORS_3,sat,1,0.05627709,0.6442217,0.2564164,0.8181818,0.93430656,0.0,0.0,0.0,4.166361482482728E-6,1.0365536496581562E-5,4.169340567239388E-6,1.1580311486292238E-5,AORS,expression,double[],2,24,5,2,2,0.0,Kill,non
AORS_4,sat,1,0.05627709,0.6442217,0.2564164,0.8181818,0.93430656,0.0,0.0,0.0,2.4692155653482928E-6,0.0,1.1102230246251565E-16,0.0,AORS,expression,double[],2,24,5,2,2,0.0,Kill,non
AORS_5,sat,1,0.05627709,0.66497403,0.24457867,0.375,0.93430656,0.0,0.0,0.0,1.4131913581572064E-6,1.0365536496581562E-5,4.169340567239388E-6,1.1580311486292238E-5,AORS,expression,double[],2,24,5,3,2,0.0,Alive,equ
AORS_6,sat,1,0.05627709,0.66497403,0.24457867,0.375,0.93430656,0.0,0.0,0.0,3.80625262041967E-6,1.0365536496581562E-5,4.169340567239388E-6,1.1580311486292238E-5,AORS,expression,double[],2,24,5,3,2,0.0,Alive,non
AORS_7,sat,1,0.05627709,0.66497403,0.24457867,0.375,0.93430656,0.0,0.0,0.0,2.1142647987915097E-6,0.0,1.1102230246251565E-16,0.0,AORS,expression,double[],2,24,5,3,2,0.0,Kill,non
AORS_8,sat,1,0.05627709,0.6497859,0.25164616,0.9047619,0.93430656,0.0,0.0,0.0,1.4131913581572064E-6,1.0365536496581562E-5,4.169340567239388E-6,1.1580311486292238E-5,AORS,expression,double[],2,24,5,4,2,0.0,Kill,non
AORS_9,sat,1,0.05627709,0.6497859,0.25164616,0.9047619,0.93430656,0.0,0.0,0.0,4.051899000989678E-6,1.0365536496581562E-5,4.169340567239388E-6,1.1580311486292238E-5,AORS,expression,double[],2,24,5,4,2,0.0,Kill,non
AORS_10,sat,1,0.05627709,0.6497859,0.25164616,0.9047619,0.93430656,0.0,0.0,0.0,2.3563995035225105E-6,0.0,1.1102230246251565E-16,0.0,AORS,expression,double[],2,24,5,4,2,0.0,Kill,non
AORS_11,sat,1,0.05627709,0.6501365,0.25164616,0.9032258,0.93430656,0.0,0.0,0.0,1.4131913581572064E-6,1.0365536496581562E-5,4.169340567239388E-6,1.1580311486292238E-5,AORS,expression,double[],2,24,5,4,2,0.0,Kill,non
AORS_12,sat,1,0.05627709,0.6501365,0.25164616,0.9032258,0.93430656,0.0,0.0,0.0,4.1968110362500255E-6,1.0365536496581562E-5,4.169340567239388E-6,1.1580311486292238E-5,AORS,expression,double[],2,24,5,4,2,0.0,Kill,non
AORS_13,sat,1,0.05627709,0.6501365,0.25164616,0.9032258,0.93430656,0.0,0.0,0.0,2.4992260391210053E-6,0.0,1.1102230246251565E-16,0.0,AORS,expression,double[],2,24,5,4,2,0.0,Kill,non
AODS_1,sat,1,0.05627709,0.6442217,0.2564164,0.8181818,0.93430656,0.0,0.0,0.0,1.9032677917918406E-5,5.194208660408428E-6,2.0946420287160095E-6,5.800678686385119E-6,AODS,expression,double[],2,24,5,2,2,0.0,Alive,equ
AODS_2,sat,1,0.05627709,0.66497403,0.24457867,0.375,0.93430656,0.0,0.0,0.0,1.5968043551528588E-5,5.194208660408428E-6,2.0946420287160095E-6,5.800678686385119E-6,AODS,expression,double[],2,24,5,3,2,0.0,Alive,equ
AODS_3,sat,1,0.05627709,0.6497859,0.25164616,0.9047619,0.93430656,0.0,0.0,0.0,1.6721590849866352E-5,5.194208660408428E-6,2.0946420287160095E-6,5.800678686385119E-6,AODS,expression,double[],2,24,5,4,2,0.0,Kill,non
AODS_4,sat,1,0.05627709,0.6501365,0.25164616,0.9032258,0.93430656,0.0,0.0,0.0,1.9126575881656116E-5,5.194208660408428E-6,2.0946420287160095E-6,5.800678686385119E-6,AODS,expression,double[],2,24,5,4,2,0.0,Kill,non
AOIU_1,sat,5,0.11859765,0.34848025,0.095316745,0.9166667,0.8811881,0.0,0.0,0.0,1.7603984558967056E-7,1.2864374223653385E-6,5.167954473250802E-7,1.4375640292607628E-6,AOIU,expression,double[],2,24,5,0,2,0.0,Kill,non
AOIU_2,sat,4,0.05807648,0.52045023,0.1685073,0.93333334,0.8811881,0.0,0.0,0.0,1.7603984558967056E-7,1.2864374223653385E-6,5.167954473250802E-7,1.4375640292607628E-6,AOIU,for,double[],2,24,5,2,4,0.0,Kill,non
AOIU_3,sat,4,0.05807648,0.52045023,0.1685073,0.93333334,0.8811881,0.0,0.0,0.0,1.7603984558967056E-7,1.2864374223653385E-6,5.167954473250802E-7,1.4375640292607628E-6,AOIU,for,double[],2,24,5,2,4,0.0,Kill,non
AOIU_4,unsat,4,0.13855934,0.48536932,0.2612965,0.9444444,0.8811881,0.0,0.0,0.0,1.7603984558967056E-7,1.2864374223653385E-6,5.167954473250802E-7,1.4375640292607628E-6,AOIU,if,double[],2,24,5,2,3,0.0,Kill,non
AOIU_5,sat,4,0.13855934,0.48536932,0.2612965,0.9444444,0.8811881,0.0,0.0,0.0,1.7603984558967056E-7,1.2864374223653385E-6,5.167954473250802E-7,1.4375640292607628E-6,AOIU,if,double[],2,24,5,2,3,0.0,Kill,non
AOIU_6,unsat,3,0.19921033,0.5137531,0.22557001,0.8695652,0.8811881,0.0,0.0,0.0,1.7603984558967056E-7,1.2864374223653385E-6,5.167954473250802E-7,1.4375640292607628E-6,AOIU,if,double[],2,24,5,3,3,0.0,Kill,non
AOIU_7,sat,3,0.19921033,0.5137531,0.22557001,0.8695652,0.8811881,0.0,0.0,0.0,1.7603984558967056E-7,1.2864374223653385E-6,5.167954473250802E-7,1.4375640292607628E-6,AOIU,if,double[],2,24,5,3,3,0.0,Kill,non
AOIU_8,sat,2,0.15554123,1.0,0.2402576,0.9130435,0.8811881,0.0,0.0,0.0,1.7603984558967056E-7,1.2864374223653385E-6,5.167954473250802E-7,1.4375640292607628E-6,AOIU,if,double[],2,24,5,4,3,0.0,Kill,non
AOIU_9,sat,2,0.15554123,1.0,0.2402576,0.9130435,0.8811881,0.0,0.0,0.0,1.7603984558967056E-7,1.2864374223653385E-6,5.167954473250802E-7,1.4375640292607628E-6,AOIU,if,double[],2,24,5,4,3,0.0,Kill,non
AOIS_9,sat,8,0.05807648,0.52045023,0.1685073,0.93333334,0.93430656,0.46357235,0.16860177,0.16313083,2.990590066520582E-5,5.192265204900792E-6,2.0943260673478292E-6,5.7982547723156586E-6,AOIS,for,double[],2,24,5,2,3,0.0,Kill,non
AOIS_10,sat,8,0.05807648,0.52045023,0.1685073,0.93333334,0.93430656,0.46357235,0.16860177,0.16313083,2.895352530962736E-5,5.144089073705338E-6,2.0666920363954233E-6,5.748350421330706E-6,AOIS,for,double[],2,24,5,2,3,0.0,Kill,non
AOIS_11,sat,4,0.05807648,0.52045023,0.1685073,0.93333334,0.93430656,0.46357235,0.16860177,0.16313083,3.6992686191061885E-5,5.192265204900792E-6,2.0943260673478292E-6,5.7982547723156586E-6,AOIS,for,double[],2,24,5,2,3,0.0,Kill,non
AOIS_12,sat,4,0.05807648,0.52045023,0.1685073,0.93333334,0.93430656,0.46357235,0.16860177,0.16313083,3.570595905022511E-5,5.144089073705338E-6,2.0666920363954233E-6,5.748350421330706E-6,AOIS,for,double[],2,24,5,2,3,0.0,Kill,non
AOIS_17,sat,12,0.13855934,0.48536932,0.2612965,0.9444444,0.93430656,0.45396224,0.15766753,0.14971226,3.106963693622067E-5,5.192265204900792E-6,2.0943260673478292E-6,5.7982547723156586E-6,AOIS,if,double[],2,24,5,2,3,0.0,Kill,non
AOIS_18,sat,12,0.13855934,0.48536932,0.2612965,0.9444444,0.93430656,0.45396224,0.15766753,0.14971226,3.0147015333215066E-5,5.144089073705338E-6,2.0666920363954233E-6,5.748350421330706E-6,AOIS,if,double[],2,24,5,2,3,0.0,Kill,non
AOIS_19,sat,8,0.13855934,0.48536932,0.2612965,0.9444444,0.93430656,0.45396224,0.15766753,0.14971226,3.64656168477806E-5,5.192265204900792E-6,2.0943260673478292E-6,5.7982547723156586E-6,AOIS,if,double[],2,24,5,3,3,0.0,Kill,non
AOIS_20,sat,8,0.13855934,0.48536932,0.2612965,0.9444444,0.93430656,0.45396224,0.15766753,0.14971226,3.5209960980275845E-5,5.144089073705338E-6,2.0666920363954233E-6,5.748350421330706E-6,AOIS,if,double[],2,24,5,3,3,0.0,Kill,non
AOIS_25,sat,10,0.19921033,0.5137531,0.22557001,0.8695652,0.93430656,0.4260564,0.25464848,0.11252964,9.642739694282199E-6,5.192265204900792E-6,2.0943260673478292E-6,5.7982547723156586E-6,AOIS,if,double[],2,24,5,3,3,0.0,Kill,non
AOIS_26,sat,10,0.19921033,0.5137531,0.22557001,0.8695652,0.93430656,0.4260564,0.25464848,0.11252964,9.317689413035346E-6,5.144089073705338E-6,2.0666920363954233E-6,5.748350421330706E-6,AOIS,if,double[],2,24,5,3,3,0.0,Kill,non
AOIS_27,sat,7,0.19921033,0.5137531,0.22557001,0.8695652,0.93430656,0.4260564,0.25464848,0.11252964,1.150697290219771E-5,5.192265204900792E-6,2.0943260673478292E-6,5.7982547723156586E-6,AOIS,if,double[],2,24,5,2,3,0.0,Kill,non
AOIS_28,sat,7,0.19921033,0.5137531,0.22557001,0.8695652,0.93430656,0.4260564,0.25464848,0.11252964,1.087229211860219E-5,5.144089073705338E-6,2.0666920363954233E-6,5.748350421330706E-6,AOIS,if,double[],2,24,5,2,3,0.0,Kill,non
AOIS_33,sat,2,0.15554123,1.0,0.2402576,0.9130435,0.93430656,0.0,0.0,0.0,1.2254784972132171E-5,5.192265204900792E-6,2.0943260673478292E-6,5.7982547723156586E-6,AOIS,if,double[],2,24,5,4,3,0.0,Kill,non
AOIS_34,sat,2,0.15554123,1.0,0.2402576,0.9130435,0.93430656,0.0,0.0,0.0,1.2840404417291396E-5,5.144089073705338E-6,2.0666920363954233E-6,5.748350421330706E-6,AOIS,if,double[],2,24,5,4,3,0.0,Kill,non
AOIS_35,sat,2,0.15554123,1.0,0.2402576,0.9130435,0.93430656,0.0,0.0,0.0,4.533466892220339E-6,5.192265204900792E-6,2.0943260673478292E-6,5.7982547723156586E-6,AOIS,if,double[],2,24,5,4,3,0.0,Kill,non
AOIS_36,sat,2,0.15554123,1.0,0.2402576,0.9130435,0.93430656,0.0,0.0,0.0,4.8287508789268685E-6,5.144089073705338E-6,2.0666920363954233E-6,5.748350421330706E-6,AOIS,if,double[],2,24,5,4,3,0.0,Kill,non
AOIS_37,sat,2,0.15554123,1.0,0.2402576,0.9130435,0.93430656,0.0,0.0,0.0,1.3336096591265445E-5,5.192265204900792E-6,2.0943260673478292E-6,5.7982547723156586E-6,AOIS,if,double[],2,24,5,4,3,0.0,Kill,non
AOIS_38,sat,2,0.15554123,1.0,0.2402576,0.9130435,0.93430656,0.0,0.0,0.0,1.3918138919044587E-5,5.144089073705338E-6,2.0666920363954233E-6,5.748350421330706E-6,AOIS,if,double[],2,24,5,4,3,0.0,Kill,non
AOIS_39,sat,2,0.15554123,1.0,0.2402576,0.9130435,0.93430656,0.0,0.0,0.0,5.057225818116962E-6,5.192265204900792E-6,2.0943260673478292E-6,5.7982547723156586E-6,AOIS,if,double[],2,24,5,4,3,0.0,Kill,non
AOIS_40,sat,2,0.15554123,1.0,0.2402576,0.9130435,0.93430656,0.0,0.0,0.0,5.347456166315823E-6,5.144089073705338E-6,2.0666920363954233E-6,5.748350421330706E-6,AOIS,if,double[],2,24,5,4,3,0.0,Kill,non
ROR_1,sat,4,0.05807648,0.52045023,0.1685073,0.93333334,0.8811881,0.0,0.0,0.0,3.532264568617549E-7,2.5903900175983097E-6,1.0417811587837278E-6,2.8931898916617627E-6,ROR,for,double[],2,24,5,2,4,0.5,Kill,non
ROR_2,sat,4,0.05807648,0.52045023,0.1685073,0.93333334,0.93430656,0.0,0.0,0.0,5.140964092209543E-7,3.8311591624706764E-6,1.5421356108769047E-6,4.280403045120451E-6,ROR,for,double[],2,24,5,2,4,0.0,Kill,non
ROR_3,sat,4,0.05807648,0.52045023,0.1685073,0.93333334,0.7037037,0.0,0.0,0.0,1.6675631941964753E-7,1.2714628730980948E-6,5.148125234999412E-7,1.4208266592152796E-6,ROR,for,double[],2,24,5,2,4,0.75,Kill,non
ROR_4,sat,4,0.05807648,0.52045023,0.1685073,0.93333334,0.7037037,0.0,0.0,0.0,8.444770316362593E-7,6.390189849159178E-6,2.5841769768497613E-6,7.140283696194238E-6,ROR,for,double[],2,24,5,2,4,0.75,Kill,non
ROR_5,sat,4,0.05807648,0.52045023,0.1685073,0.93333334,0.7037037,0.0,0.0,0.0,5.210784086440157E-7,3.873282873545492E-6,1.5631028744689246E-6,4.326795461362387E-6,ROR,for,double[],2,24,5,2,4,0.75,Alive,equ
ROR_8,sat,4,0.13855934,0.48536932,0.2612965,0.9444444,0.7037037,0.0,0.0,0.0,1.6685176074116015E-7,1.2726529798889885E-6,5.150865697300944E-7,1.4222129732788247E-6,ROR,if,double[],2,24,5,2,3,0.75,Kill,non
ROR_9,sat,4,0.13855934,0.48536932,0.2612965,0.9444444,0.93430656,0.0,0.0,0.0,5.144737051931969E-7,3.83665907377484E-6,1.5436096866272564E-6,4.286818497512002E-6,ROR,if,double[],2,24,5,2,3,0.0,Kill,non
ROR_10,sat,4,0.13855934,0.48536932,0.2612965,0.9444444,0.8811881,0.0,0.0,0.0,3.5328349201613207E-7,2.5916828744199094E-6,1.0422221652373054E-6,2.894701820910228E-6,ROR,if,double[],2,24,5,2,3,0.5,Kill,non
ROR_11,sat,4,0.13855934,0.48536932,0.2612965,0.9444444,0.7037037,0.0,0.0,0.0,3.489794662137058E-7,2.594208074024884E-6,1.0473594562743216E-6,2.897623819109185E-6,ROR,if,double[],2,24,5,2,3,0.75,Alive,equ
ROR_12,sat,4,0.13855934,0.48536932,0.2612965,0.9444444,0.7037037,0.0,0.0,0.0,3.5318212143753414E-7,2.5893417244793326E-6,1.0414344758791216E-6,2.8919585298714523E-6,ROR,if,double[],2,24,5,2,3,0.75,Kill,non
ROR_13,sat,4,0.13855934,0.48536932,0.2612965,0.9444444,0.8811881,0.084426925,0.48708767,0.031808265,1.7668963718464603E-5,1.3714506580608798E-5,4.985372247912068E-6,1.5336394573184364E-5,ROR,if,double[],2,24,5,2,3,0.5,Kill,non
ROR_14,sat,3,0.19921033,0.5137531,0.22557001,0.8695652,0.7037037,0.0,0.0,0.0,1.6685176074116015E-7,1.2726529798889885E-6,5.150865697300944E-7,1.4222129732788247E-6,ROR,if,double[],2,24,5,3,3,0.75,Kill,non
ROR_15,sat,3,0.19921033,0.5137531,0.22557001,0.8695652,0.93430656,0.0,0.0,0.0,5.144737051931969E-7,3.83665907377484E-6,1.5436096866272564E-6,4.286818497512002E-6,ROR,if,double[],2,24,5,3,3,0.0,Kill,non
ROR_16,sat,3,0.19921033,0.5137531,0.22557001,0.8695652,0.8811881,0.0,0.0,0.0,3.5328349201613207E-7,2.5916828744199094E-6,1.0422221652373054E-6,2.894701820910228E-6,ROR,if,double[],2,24,5,3,3,0.5,Kill,non
ROR_17,sat,3,0.19921033,0.5137531,0.22557001,0.8695652,0.7037037,0.0,0.0,0.0,3.489794662137058E-7,2.594208074024884E-6,1.0473594562743216E-6,2.897623819109185E-6,ROR,if,double[],2,24,5,3,3,0.75,Alive,equ
ROR_18,sat,3,0.19921033,0.5137531,0.22557001,0.8695652,0.7037037,0.0,0.0,0.0,3.5318212143753414E-7,2.5893417244793326E-6,1.0414344758791216E-6,2.8919585298714523E-6,ROR,if,double[],2,24,5,3,3,0.75,Kill,non
ROR_19,sat,3,0.19921033,0.5137531,0.22557001,0.8695652,0.8811881,0.08727098,0.4876474,0.02765897,2.188815319770221E-5,1.6635888505200924E-5,6.1188114349741696E-6,1.8671555482852042E-5,ROR,if,double[],2,24,5,3,3,0.5,Kill,non
ROR_20,sat,2,0.15554123,1.0,0.2402576,0.9130435,0.93430656,0.0,0.0,0.0,5.259406479218853E-7,3.893110489205931E-6,1.5711122729467064E-6,4.348281249288988E-6,ROR,if,double[],2,24,5,4,3,0.0,Kill,non
ROR_21,sat,2,0.15554123,1.0,0.2402576,0.9130435,0.8811881,0.0,0.0,0.0,3.532264568617549E-7,2.5903900175983097E-6,1.0417811587837278E-6,2.8931898916617627E-6,ROR,if,double[],2,24,5,4,3,0.5,Kill,non
ROR_22,sat,2,0.15554123,1.0,0.2402576,0.9130435,0.7037037,0.0,0.0,0.0,1.6685176074116015E-7,1.2726529798889885E-6,5.150865697300944E-7,1.4222129732788247E-6,ROR,if,double[],2,24,5,4,3,0.75,Alive,equ
ROR_23,sat,2,0.15554123,1.0,0.2402576,0.9130435,0.7037037,0.0,0.0,0.0,3.440935057996697E-7,2.574442383163067E-6,1.0394361453780476E-6,2.8762155919181964E-6,ROR,if,double[],2,24,5,4,3,0.75,Kill,non
ROR_24,sat,2,0.15554123,1.0,0.2402576,0.9130435,0.7037037,0.0,0.0,0.0,3.5406828002848556E-7,2.5987458398546437E-6,1.0475877194604521E-6,2.902386915581978E-6,ROR,if,double[],2,24,5,4,3,0.75,Kill,non
ROR_25,sat,2,0.15554123,1.0,0.2402576,0.9130435,0.8811881,0.20267831,1.305376,0.055737477,1.2712515929680368E-4,2.264466352608352E-5,9.2231224184669E-6,2.5568691962241097E-5,ROR,if,double[],2,24,5,4,3,0.5,Kill,non
COI_1,sat,4,0.05807648,0.52045023,0.1685073,0.93333334,0.93430656,0.0,0.0,0.0,5.29272131566394E-7,3.894571020901516E-6,1.5713581216214578E-6,4.349155209415478E-6,COI,for,double[],2,24,5,2,4,0.0,Kill,non
LOI_1,sat,5,0.11859765,0.34848025,0.095316745,0.9166667,0.93430656,0.0,0.0,0.0,1.7703484511688572E-7,1.2994109120922914E-6,5.238000331253545E-7,1.4512408471611948E-6,LOI,expression,double[],2,24,5,0,2,0.0,Kill,non
LOI_2,sat,5,0.11859765,0.34848025,0.095316745,0.9166667,0.93430656,0.0,0.0,0.0,1.7703484511688572E-7,1.2994109120922914E-6,5.238000331253545E-7,1.4512408471611948E-6,LOI,expression,double[],2,24,5,0,2,0.0,Kill,non
LOI_3,sat,4,0.05807648,0.52045023,0.1685073,0.93333334,0.93430656,0.0,0.0,0.0,1.7703484511688572E-7,1.2994109120922914E-6,5.238000331253545E-7,1.4512408471611948E-6,LOI,for,double[],2,24,5,2,4,0.0,Kill,non
LOI_4,sat,4,0.05807648,0.52045023,0.1685073,0.93333334,0.93430656,0.0,0.0,0.0,1.7703484511688572E-7,1.2994109120922914E-6,5.238000331253545E-7,1.4512408471611948E-6,LOI,for,double[],2,24,5,2,4,0.0,Kill,non
LOI_6,sat,4,0.13855934,0.48536932,0.2612965,0.9444444,0.93430656,0.0,0.0,0.0,1.7703484511688572E-7,1.2994109120922914E-6,5.238000331253545E-7,1.4512408471611948E-6,LOI,if,double[],2,24,5,2,3,0.0,Kill,non
LOI_7,sat,4,0.13855934,0.48536932,0.2612965,0.9444444,0.93430656,0.0,0.0,0.0,1.7703484511688572E-7,1.2994109120922914E-6,5.238000331253545E-7,1.4512408471611948E-6,LOI,if,double[],2,24,5,2,3,0.0,Kill,non
LOI_8,sat,1,0.05627709,0.6442217,0.2564164,0.8181818,0.93430656,0.0,0.0,0.0,1.7703484511688572E-7,1.2994109120922914E-6,5.238000331253545E-7,1.4512408471611948E-6,LOI,expression,double[],2,24,5,2,2,0.0,Kill,non
LOI_9,sat,1,0.05627709,0.6442217,0.2564164,0.8181818,0.93430656,0.0,0.0,0.0,1.7703484511688572E-7,1.2994109120922914E-6,5.238000331253545E-7,1.4512408471611948E-6,LOI,expression,double[],2,24,5,2,2,0.0,Kill,non
LOI_10,sat,3,0.19921033,0.5137531,0.22557001,0.8695652,0.93430656,0.0,0.0,0.0,1.7703484511688572E-7,1.2994109120922914E-6,5.238000331253545E-7,1.4512408471611948E-6,LOI,if,double[],2,24,5,3,3,0.0,Kill,non
LOI_11,sat,3,0.19921033,0.5137531,0.22557001,0.8695652,0.93430656,0.0,0.0,0.0,1.7703484511688572E-7,1.2994109120922914E-6,5.238000331253545E-7,1.4512408471611948E-6,LOI,if,double[],2,24,5,3,3,0.0,Kill,non
LOI_12,sat,1,0.05627709,0.66497403,0.24457867,0.375,0.93430656,0.0,0.0,0.0,1.7703484511688572E-7,1.2994109120922914E-6,5.238000331253545E-7,1.4512408471611948E-6,LOI,expression,double[],2,24,5,3,2,0.0,Kill,non
LOI_13,sat,1,0.05627709,0.66497403,0.24457867,0.375,0.93430656,0.0,0.0,0.0,1.7703484511688572E-7,1.2994109120922914E-6,5.238000331253545E-7,1.4512408471611948E-6,LOI,expression,double[],2,24,5,3,2,0.0,Kill,non
LOI_14,sat,2,0.15554123,1.0,0.2402576,0.9130435,0.93430656,0.0,0.0,0.0,1.7703484511688572E-7,1.2994109120922914E-6,5.238000331253545E-7,1.4512408471611948E-6,LOI,if,double[],2,24,5,4,3,0.0,Kill,non
LOI_15,sat,2,0.15554123,1.0,0.2402576,0.9130435,0.93430656,0.0,0.0,0.0,1.7703484511688572E-7,1.2994109120922914E-6,5.238000331253545E-7,1.4512408471611948E-6,LOI,if,double[],2,24,5,4,3,0.0,Kill,non
LOI_16,sat,1,0.05627709,0.6497859,0.25164616,0.9047619,0.93430656,0.0,0.0,0.0,1.7703484511688572E-7,1.2994109120922914E-6,5.238000331253545E-7,1.4512408471611948E-6,LOI,expression,double[],2,24,5,4,2,0.0,Kill,non
LOI_17,sat,1,0.05627709,0.6497859,0.25164616,0.9047619,0.93430656,0.0,0.0,0.0,1.7703484511688572E-7,1.2994109120922914E-6,5.238000331253545E-7,1.4512408471611948E-6,LOI,expression,double[],2,24,5,4,2,0.0,Kill,non
LOI_18,sat,1,0.05627709,0.6501365,0.25164616,0.9032258,0.93430656,0.0,0.0,0.0,1.7703484511688572E-7,1.2994109120922914E-6,5.238000331253545E-7,1.4512408471611948E-6,LOI,expression,double[],2,24,5,4,2,0.0,Kill,non
LOI_19,sat,1,0.05627709,0.6501365,0.25164616,0.9032258,0.93430656,0.0,0.0,0.0,1.7703484511688572E-7,1.2994109120922914E-6,5.238000331253545E-7,1.4512408471611948E-6,LOI,expression,double[],2,24,5,4,2,0.0,Kill,non
SDL_3,sat,8,0.37450624,0.36364782,0.18000506,0.962963,0.8811881,0.5140619,0.36398718,0.18163648,6.630562027098996E-5,2.7003558345151113E-4,2.945964506851917E-4,9.174757357288676E-6,SDL,for,double[],2,24,5,2,3,0.0,Kill,non
SDL_5,sat,4,0.13855934,0.48536932,0.2612965,0.9444444,0.8811881,0.084426925,0.48708767,0.031808265,1.8837823435813306E-5,1.352128667531094E-5,4.8167874058258064E-6,1.4999648694002943E-5,SDL,if,double[],2,24,5,2,3,0.0,Kill,non
SDL_8,sat,3,0.19921033,0.5137531,0.22557001,0.8695652,0.8811881,0.08727098,0.4876474,0.02765897,2.2681733325646825E-5,1.3877479256185765E-5,4.909523435570051E-6,1.548544661045259E-5,SDL,if,double[],2,24,5,3,3,0.0,Kill,non
SDL_11,sat,2,0.15554123,1.0,0.2402576,0.9130435,0.8811881,0.20267831,1.305376,0.055737477,1.3099067953814547E-4,2.2425813176907283E-5,9.13916297717865E-6,2.524422013450156E-5,SDL,if,double[],2,24,5,4,3,0.0,Kill,non
VDL_1,sat,8,0.37450624,0.36364782,0.18000506,0.962963,0.8811881,0.5140619,0.36398718,0.18163648,6.630562027098996E-5,2.7003558345151113E-4,2.945964506851917E-4,9.174757357288676E-6,VDL,for,double[],2,24,5,2,3,0.5,Kill,non
ODL_1,sat,5,0.11859765,0.34848025,0.095316745,0.9166667,0.8811881,0.0,0.0,0.0,1.3707648498506586E-6,1.0224860633623045E-5,3.7561942963781902E-6,1.1174501605037968E-5,ODL,expression,double[],2,24,5,0,2,0.5,Kill,non
ODL_2,sat,5,0.11859765,0.34848025,0.095316745,0.9166667,0.8811881,0.0,0.0,0.0,1.302715645024044E-6,1.0205726618806032E-5,3.7561942963781902E-6,1.1105501410479945E-5,ODL,expression,double[],2,24,5,0,2,0.5,Kill,non
AORB_5,sat,2,0.16629648,0.7643857,0.122245416,0.8857143,0.8811881,0.0,0.0,0.0,3.540667756762872E-7,2.5986647885778424E-6,1.0475745495508448E-6,2.9022858160088205E-6,AORB,expression,double[],1,15,2,1,2,0.0,Kill,non
AORB_6,sat,2,0.16629648,0.7643857,0.122245416,0.8857143,0.8811881,0.0,0.0,0.0,3.540667756762872E-7,2.5986647885778424E-6,1.0475745495508448E-6,2.9022858160088205E-6,AORB,expression,double[],1,15,2,1,2,0.0,Kill,non
AORB_7,sat,2,0.16629648,0.7643857,0.122245416,0.8857143,0.8811881,0.0,0.0,0.0,3.540622623976475E-7,2.5984216757146683E-6,1.0475350424865582E-6,2.9019825744658334E-6,AORB,expression,double[],1,15,2,1,2,0.0,Kill,non
AORB_8,sat,2,0.16629648,0.7643857,0.122245416,0.8857143,0.8811881,0.0,0.0,0.0,3.531971249914889E-7,2.588985764995222E-6,1.0415529594354211E-6,2.8923814766601552E-6,AORB,expression,double[],1,15,2,1,2,0.0,Kill,non
AORB_9,sat,2,0.16651607,0.7643857,0.122245416,0.962963,0.8811881,0.0,0.0,0.0,3.540667756762872E-7,2.5986647885778424E-6,1.0475745495508448E-6,2.9022858160088205E-6,AORB,expression,double[],1,15,2,1,2,0.0,Kill,non
AORB_10,sat,2,0.16651607,0.7643857,0.122245416,0.962963,0.8811881,0.0,0.0,0.0,3.540667756762872E-7,2.5986647885778424E-6,1.0475745495508448E-6,2.9022858160088205E-6,AORB,expression,double[],1,15,2,1,2,0.0,Kill,non
AORB_11,sat,2,0.16651607,0.7643857,0.122245416,0.962963,0.8811881,0.0,0.0,0.0,3.540622623976475E-7,2.5984216757146683E-6,1.0475350424865582E-6,2.9019825744658334E-6,AORB,expression,double[],1,15,2,1,2,0.0,Kill,non
AORB_12,sat,2,0.16651607,0.7643857,0.122245416,0.962963,0.8811881,0.0,0.0,0.0,3.531971249914889E-7,2.588985764995222E-6,1.0415529594354211E-6,2.8923814766601552E-6,AORB,expression,double[],1,15,2,1,2,0.0,Kill,non
AORB_13,sat,2,0.16651607,0.7643857,0.122245416,0.962963,0.8811881,0.0,0.0,0.0,7.080013576521438E-7,5.195205106112155E-6,2.0894936906268313E-6,5.802953864764149E-6,AORB,expression,double[],1,15,2,1,2,0.0,Kill,non
AORB_14,sat,2,0.16651607,0.7643857,0.122245416,0.962963,0.8811881,0.0,0.0,0.0,7.079432537970831E-7,5.196573035437524E-6,2.0904570198210237E-6,5.8042809434333265E-6,AORB,expression,double[],1,15,2,1,2,0.0,Kill,non
AORB_15,sat,2,0.16651607,0.7643857,0.122245416,0.962963,0.8811881,0.0,0.0,0.0,7.080013576521438E-7,5.195205106112155E-6,2.0894936906268313E-6,5.802953864764149E-6,AORB,expression,double[],1,15,2,1,2,0.0,Kill,non
AORB_16,sat,2,0.16651607,0.7643857,0.122245416,0.962963,0.8811881,0.0,0.0,0.0,3.533787179543779E-7,2.5931523582878313E-6,1.0429560449720654E-6,2.89703200129221E-6,AORB,expression,double[],1,15,2,1,2,0.0,Kill,non
AORB_17,sat,1,0.08754499,0.59241223,0.47745997,0.9032258,0.8811881,0.0,0.0,0.0,3.540667756762872E-7,2.5986647885778424E-6,1.0475745495508448E-6,2.9022858160088205E-6,AORB,expression,double[],1,15,2,2,2,0.0,Kill,non
AORB_18,sat,1,0.08754499,0.59241223,0.47745997,0.9032258,0.8811881,0.0,0.0,0.0,3.540667756762872E-7,2.5986647885778424E-6,1.0475745495508448E-6,2.9022858160088205E-6,AORB,expression,double[],1,15,2,2,2,0.0,Kill,non
AORB_19,sat,1,0.08754499,0.59241223,0.47745997,0.9032258,0.8811881,0.0,0.0,0.0,3.540622623976475E-7,2.5984216757146683E-6,1.0475350424865582E-6,2.9019825744658334E-6,AORB,expression,double[],1,15,2,2,2,0.0,Kill,non
AORB_20,sat,1,0.08754499,0.59241223,0.47745997,0.9032258,0.8811881,0.0,0.0,0.0,3.531971249914889E-7,2.588985764995222E-6,1.0415529594354211E-6,2.8923814766601552E-6,AORB,expression,double[],1,15,2,2,2,0.0,Kill,non
AORB_21,sat,1,0.08754499,0.59241223,0.47745997,0.9032258,0.8811881,0.0,0.0,0.0,7.06653395354806E-7,5.196802846052506E-6,2.0951688535220114E-6,5.803914627899864E-6,AORB,expression,double[],1,15,2,2,2,0.0,Kill,non
AORB_22,sat,1,0.08754499,0.59241223,0.47745997,0.9032258,0.8811881,0.0,0.0,0.0,7.064745912721548E-7,5.195556934234347E-6,2.095203424645753E-6,5.802360574125309E-6,AORB,expression,double[],1,15,2,2,2,0.0,Kill,non
AORB_23,sat,1,0.08754499,0.59241223,0.47745997,0.9032258,0.8811881,0.0,0.0,0.0,7.06653395354806E-7,5.196802846052506E-6,2.0951688535220114E-6,5.803914627899864E-6,AORB,expression,double[],1,15,2,2,2,0.0,Kill,non
AORB_24,sat,1,0.08754499,0.59241223,0.47745997,0.9032258,0.8811881,0.0,0.0,0.0,3.533251705656326E-7,2.591993487399691E-6,1.042545308305165E-6,2.8957541815533006E-6,AORB,expression,double[],1,15,2,2,2,0.0,Kill,non
AORS_14,sat,4,0.12630431,0.7965809,0.22676054,0.9444444,0.93430656,0.0,0.0,0.0,1.4131913581572064E-6,1.0365536496581562E-5,4.169340567239388E-6,1.1580311486292238E-5,AORS,for,double[],1,15,2,2,3,0.0,Kill,non
AORS_15,sat,4,0.13086343,0.7965809,0.22676055,0.9130435,0.93430656,0.0,0.0,0.0,1.4131913581572064E-6,1.0365536496581562E-5,4.169340567239388E-6,1.1580311486292238E-5,AORS,for,double[],1,15,2,2,3,0.0,Kill,non
AOIU_10,sat,17,0.09631344,0.9255508,0.105914466,0.9166667,0.8811881,0.0,0.0,0.0,1.7603984558967056E-7,1.2864374223653385E-6,5.167954473250802E-7,1.4375640292607628E-6,AOIU,expression,double[],1,15,2,1,3,0.0,Kill,non
AOIU_11,sat,16,0.04219321,0.50751776,0.14616999,0.875,0.8811881,0.0,0.0,0.0,1.7603984558967056E-7,1.2864374223653385E-6,5.167954473250802E-7,1.4375640292607628E-6,AOIU,if,double[],1,15,2,1,2,0.0,Kill,non
AOIU_12,sat,2,0.16629648,0.7643857,0.122245416,0.8857143,0.8811881,0.0,0.0,0.0,1.7603984558967056E-7,1.2864374223653385E-6,5.167954473250802E-7,1.4375640292607628E-6,AOIU,expression,double[],1,15,2,1,2,0.0,Kill,non
AOIU_13,sat,2,0.16651607,0.7643857,0.122245416,0.962963,0.8811881,0.0,0.0,0.0,1.7603984558967056E-7,1.2864374223653385E-6,5.167954473250802E-7,1.4375640292607628E-6,AOIU,expression,double[],1,15,2,1,2,0.0,Kill,non
AOIU_14,sat,1,0.04755283,0.90001833,0.2723521,0.8181818,0.8811881,0.0,0.0,0.0,1.7603984558967056E-7,1.2864374223653385E-6,5.167954473250802E-7,1.4375640292607628E-6,AOIU,for,double[],1,15,2,2,3,0.0,Kill,non
AOIU_15,sat,1,0.04755283,0.90001833,0.2723521,0.8181818,0.8811881,0.0,0.0,0.0,1.7603984558967056E-7,1.2864374223653385E-6,5.167954473250802E-7,1.4375640292607628E-6,AOIU,for,double[],1,15,2,2,3,0.0,Kill,non
AOIU_16,sat,1,0.08754499,0.5433557,0.4317635,0.8695652,0.8811881,0.0,0.0,0.0,1.7603984558967056E-7,1.2864374223653385E-6,5.167954473250802E-7,1.4375640292607628E-6,AOIU,expression,double[],1,15,2,2,2,0.0,Kill,non
AOIU_17,sat,1,0.051892355,0.9023571,0.2723521,0.9047619,0.8811881,0.0,0.0,0.0,1.7603984558967056E-7,1.2864374223653385E-6,5.167954473250802E-7,1.4375640292607628E-6,AOIU,for,double[],1,15,2,2,3,0.0,Kill,non
AOIU_18,sat,1,0.051892355,0.9023571,0.2723521,0.9047619,0.8811881,0.0,0.0,0.0,1.7603984558967056E-7,1.2864374223653385E-6,5.167954473250802E-7,1.4375640292607628E-6,AOIU,for,double[],1,15,2,2,3,0.0,Kill,non
AOIU_19,sat,1,0.08754499,0.59241223,0.47745997,0.9032258,0.8811881,0.0,0.0,0.0,1.7603984558967056E-7,1.2864374223653385E-6,5.167954473250802E-7,1.4375640292607628E-6,AOIU,expression,double[],1,15,2,2,2,0.0,Kill,non
AOIS_43,sat,17,0.04219321,0.50751776,0.14616999,0.875,0.93430656,0.07653756,0.035657413,0.07261604,1.199509770810625E-5,5.192265204900792E-6,2.0943260673478292E-6,5.7982547723156586E-6,AOIS,if,double[],1,15,2,1,2,0.0,Kill,non
AOIS_44,sat,17,0.04219321,0.50751776,0.14616999,0.875,0.93430656,0.07653756,0.035657413,0.07261604,1.2290748325649581E-5,5.144089073705338E-6,2.0666920363954233E-6,5.748350421330706E-6,AOIS,if,double[],1,15,2,1,2,0.0,Kill,non
AOIS_45,sat,1,0.04219321,0.50751776,0.14616999,0.875,0.93430656,0.07653756,0.035657413,0.07261604,3.894599127862719E-6,5.192265204900792E-6,2.0943260673478292E-6,5.7982547723156586E-6,AOIS,if,double[],1,15,2,2,3,0.0,Kill,non
AOIS_46,sat,1,0.04219321,0.50751776,0.14616999,0.875,0.93430656,0.07653756,0.035657413,0.07261604,3.893150580025484E-6,5.144089073705338E-6,2.0666920363954233E-6,5.748350421330706E-6,AOIS,if,double[],1,15,2,2,3,0.0,Kill,non
AOIS_47,sat,2,0.16629648,0.7643857,0.122245416,0.8857143,0.93430656,0.0,0.0,0.0,6.410500351661241E-6,5.192265204900792E-6,2.0943260673478292E-6,5.7982547723156586E-6,AOIS,expression,double[],1,15,2,1,2,0.0,Kill,non
AOIS_48,sat,2,0.16629648,0.7643857,0.122245416,0.8857143,0.93430656,0.0,0.0,0.0,6.712321359736428E-6,5.144089073705338E-6,2.0666920363954233E-6,5.748350421330706E-6,AOIS,expression,double[],1,15,2,1,2,0.0,Kill,non
AOIS_49,sat,2,0.16629648,0.7643857,0.122245416,0.8857143,0.93430656,0.0,0.0,0.0,2.1231210332040007E-6,5.192265204900792E-6,2.0943260673478292E-6,5.7982547723156586E-6,AOIS,expression,double[],1,15,2,1,2,0.0,Kill,non
AOIS_50,sat,2,0.16629648,0.7643857,0.122245416,0.8857143,0.93430656,0.0,0.0,0.0,2.124113830492824E-6,5.144089073705338E-6,2.0666920363954233E-6,5.748350421330706E-6,AOIS,expression,double[],1,15,2,1,2,0.0,Kill,non
AOIS_51,sat,2,0.16651607,0.7643857,0.122245416,0.962963,0.93430656,0.0,0.0,0.0,4.4750124863490726E-6,5.192265204900792E-6,2.0943260673478292E-6,5.7982547723156586E-6,AOIS,expression,double[],1,15,2,1,2,0.0,Kill,non
AOIS_52,sat,2,0.16651607,0.7643857,0.122245416,0.962963,0.93430656,0.0,0.0,0.0,4.774478288949169E-6,5.144089073705338E-6,2.0666920363954233E-6,5.748350421330706E-6,AOIS,expression,double[],1,15,2,1,2,0.0,Kill,non
AOIS_53,sat,2,0.16651607,0.7643857,0.122245416,0.962963,0.93430656,0.0,0.0,0.0,1.0620338342093305E-6,5.192265204900792E-6,2.0943260673478292E-6,5.7982547723156586E-6,AOIS,expression,double[],1,15,2,1,2,0.0,Kill,non
AOIS_54,sat,2,0.16651607,0.7643857,0.122245416,0.962963,0.93430656,0.0,0.0,0.0,1.060585298695571E-6,5.144089073705338E-6,2.0666920363954233E-6,5.748350421330706E-6,AOIS,expression,double[],1,15,2,1,2,0.0,Kill,non
AOIS_55,sat,2,0.16651607,0.7643857,0.122245416,0.962963,0.93430656,0.0,0.0,0.0,4.4750124863490726E-6,5.192265204900792E-6,2.0943260673478292E-6,5.7982547723156586E-6,AOIS,expression,double[],1,15,2,1,2,0.0,Kill,non
AOIS_56,sat,2,0.16651607,0.7643857,0.122245416,0.962963,0.93430656,0.0,0.0,0.0,4.774478288949169E-6,5.144089073705338E-6,2.0666920363954233E-6,5.748350421330706E-6,AOIS,expression,double[],1,15,2,1,2,0.0,Kill,non
AOIS_57,sat,2,0.16651607,0.7643857,0.122245416,0.962963,0.93430656,0.0,0.0,0.0,1.0620338342093305E-6,5.192265204900792E-6,2.0943260673478292E-6,5.7982547723156586E-6,AOIS,expression,double[],1,15,2,1,2,0.0,Kill,non
AOIS_58,sat,2,0.16651607,0.7643857,0.122245416,0.962963,0.93430656,0.0,0.0,0.0,1.060585298695571E-6,5.144089073705338E-6,2.0666920363954233E-6,5.748350421330706E-6,AOIS,expression,double[],1,15,2,1,2,0.0,Alive,equ
AOIS_59,sat,2,0.04755283,0.90001833,0.2723521,0.8181818,0.93430656,0.07009641,0.025697846,0.10727355,4.956856623494765E-6,5.192265204900792E-6,2.0943260673478292E-6,5.7982547723156586E-6,AOIS,for,double[],1,15,2,2,3,0.0,Kill,non
AOIS_60,sat,2,0.04755283,0.90001833,0.2723521,0.8181818,0.93430656,0.07009641,0.025697846,0.10727355,4.955220293867413E-6,5.144089073705338E-6,2.0666920363954233E-6,5.748350421330706E-6,AOIS,for,double[],1,15,2,2,3,0.0,Kill,non
AOIS_61,sat,1,0.04755283,0.90001833,0.2723521,0.8181818,0.93430656,0.07009641,0.025697846,0.10727355,3.873751101113321E-6,5.192265204900792E-6,2.0943260673478292E-6,5.7982547723156586E-6,AOIS,for,double[],1,15,2,2,3,0.0,Kill,non
AOIS_62,sat,1,0.04755283,0.90001833,0.2723521,0.8181818,0.93430656,0.07009641,0.025697846,0.10727355,3.565569551833292E-6,5.144089073705338E-6,2.0666920363954233E-6,5.748350421330706E-6,AOIS,for,double[],1,15,2,2,3,0.0,Kill,non
AOIS_67,sat,1,0.08754499,0.5433557,0.4317635,0.8695652,0.93430656,0.0,0.0,0.0,4.637445827126996E-6,5.192265204900792E-6,2.0943260673478292E-6,5.7982547723156586E-6,AOIS,expression,double[],1,15,2,2,2,0.0,Kill,non
AOIS_68,sat,1,0.08754499,0.5433557,0.4317635,0.8695652,0.93430656,0.0,0.0,0.0,4.924317423604663E-6,5.144089073705338E-6,2.0666920363954233E-6,5.748350421330706E-6,AOIS,expression,double[],1,15,2,2,2,0.0,Kill,non
AOIS_69,sat,1,0.08754499,0.5433557,0.4317635,0.8695652,0.93430656,0.0,0.0,0.0,1.414793712961604E-6,5.192265204900792E-6,2.0943260673478292E-6,5.7982547723156586E-6,AOIS,expression,double[],1,15,2,2,2,0.0,Alive,equ
AOIS_70,sat,1,0.08754499,0.5433557,0.4317635,0.8695652,0.93430656,0.0,0.0,0.0,1.4077935730494318E-6,5.144089073705338E-6,2.0666920363954233E-6,5.748350421330706E-6,AOIS,expression,double[],1,15,2,2,2,0.0,Kill,non
AOIS_71,sat,2,0.051892355,0.9023571,0.2723521,0.9047619,0.93430656,0.077111594,0.030523134,0.1069973,4.601020215599938E-6,5.192265204900792E-6,2.0943260673478292E-6,5.7982547723156586E-6,AOIS,for,double[],1,15,2,2,3,0.0,Kill,non
AOIS_72,sat,2,0.051892355,0.9023571,0.2723521,0.9047619,0.93430656,0.077111594,0.030523134,0.1069973,4.59348374626245E-6,5.144089073705338E-6,2.0666920363954233E-6,5.748350421330706E-6,AOIS,for,double[],1,15,2,2,3,0.0,Kill,non
AOIS_73,sat,1,0.051892355,0.9023571,0.2723521,0.9047619,0.93430656,0.077111594,0.030523134,0.1069973,2.9225990881842634E-6,5.192265204900792E-6,2.0943260673478292E-6,5.7982547723156586E-6,AOIS,for,double[],1,15,2,2,3,0.0,Kill,non
AOIS_74,sat,1,0.051892355,0.9023571,0.2723521,0.9047619,0.93430656,0.077111594,0.030523134,0.1069973,2.6128403576297643E-6,5.144089073705338E-6,2.0666920363954233E-6,5.748350421330706E-6,AOIS,for,double[],1,15,2,2,3,0.0,Kill,non
AOIS_79,sat,1,0.08754499,0.59241223,0.47745997,0.9032258,0.93430656,0.0,0.0,0.0,4.265781161194582E-6,5.192265204900792E-6,2.0943260673478292E-6,5.7982547723156586E-6,AOIS,expression,double[],1,15,2,2,2,0.0,Kill,non
AOIS_80,sat,1,0.08754499,0.59241223,0.47745997,0.9032258,0.93430656,0.0,0.0,0.0,4.5622826252422755E-6,5.144089073705338E-6,2.0666920363954233E-6,5.748350421330706E-6,AOIS,expression,double[],1,15,2,2,2,0.0,Kill,non
AOIS_81,sat,1,0.08754499,0.59241223,0.47745997,0.9032258,0.93430656,0.0,0.0,0.0,1.0621938700827727E-6,5.192265204900792E-6,2.0943260673478292E-6,5.7982547723156586E-6,AOIS,expression,double[],1,15,2,2,2,0.0,Alive,equ
AOIS_82,sat,1,0.08754499,0.59241223,0.47745997,0.9032258,0.93430656,0.0,0.0,0.0,1.0597528411482315E-6,5.144089073705338E-6,2.0666920363954233E-6,5.748350421330706E-6,AOIS,expression,double[],1,15,2,2,2,0.0,Kill,non
AOIS_83,sat,1,0.08754499,0.59241223,0.47745997,0.9032258,0.93430656,0.0,0.0,0.0,3.2242148325645203E-6,5.192265204900792E-6,2.0943260673478292E-6,5.7982547723156586E-6,AOIS,expression,double[],1,15,2,2,2,0.0,Kill,non
AOIS_84,sat,1,0.08754499,0.59241223,0.47745997,0.9032258,0.93430656,0.0,0.0,0.0,3.521007950757493E-6,5.144089073705338E-6,2.0666920363954233E-6,5.748350421330706E-6,AOIS,expression,double[],1,15,2,2,2,0.0,Kill,non
AOIS_85,sat,1,0.08754499,0.59241223,0.47745997,0.9032258,0.93430656,0.0,0.0,0.0,7.080395296732434E-7,5.192265204900792E-6,2.0943260673478292E-6,5.7982547723156586E-6,AOIS,expression,double[],1,15,2,2,2,0.0,Kill,non
AOIS_86,sat,1,0.08754499,0.59241223,0.47745997,0.9032258,0.93430656,0.0,0.0,0.0,7.040965006588351E-7,5.144089073705338E-6,2.0666920363954233E-6,5.748350421330706E-6,AOIS,expression,double[],1,15,2,2,2,0.0,Alive,equ
ROR_26,sat,16,0.04219321,0.50751776,0.14616999,0.875,0.93430656,0.0,0.0,0.0,5.259406479218853E-7,3.893110489205931E-6,1.5711122729467064E-6,4.348281249288988E-6,ROR,if,double[],1,15,2,1,2,0.0,Kill,non
ROR_27,sat,16,0.04219321,0.50751776,0.14616999,0.875,0.8811881,0.0,0.0,0.0,3.532264568617549E-7,2.5903900175983097E-6,1.0417811587837278E-6,2.8931898916617627E-6,ROR,if,double[],1,15,2,1,2,0.5,Kill,non
ROR_28,sat,16,0.04219321,0.50751776,0.14616999,0.875,0.7037037,0.0,0.0,0.0,1.6685176074116015E-7,1.2726529798889885E-6,5.150865697300944E-7,1.4222129732788247E-6,ROR,if,double[],1,15,2,1,2,0.75,Kill,non
ROR_29,sat,16,0.04219321,0.50751776,0.14616999,0.875,0.7037037,0.0,0.0,0.0,3.440935057996697E-7,2.574442383163067E-6,1.0394361453780476E-6,2.8762155919181964E-6,ROR,if,double[],1,15,2,1,2,0.75,Alive,equ
ROR_30,sat,16,0.04219321,0.50751776,0.14616999,0.875,0.7037037,0.0,0.0,0.0,3.5406828002848556E-7,2.5987458398546437E-6,1.0475877194604521E-6,2.902386915581978E-6,ROR,if,double[],1,15,2,1,2,0.75,Kill,non
ROR_31,sat,1,0.04755283,0.90001833,0.2723521,0.8181818,0.8811881,0.0,0.0,0.0,3.532264568617549E-7,2.5903900175983097E-6,1.0417811587837278E-6,2.8931898916617627E-6,ROR,for,double[],1,15,2,2,3,0.5,Kill,non
ROR_32,sat,1,0.04755283,0.90001833,0.2723521,0.8181818,0.93430656,0.0,0.0,0.0,5.140964092209543E-7,3.8311591624706764E-6,1.5421356108769047E-6,4.280403045120451E-6,ROR,for,double[],1,15,2,2,3,0.0,Kill,non
ROR_33,sat,1,0.04755283,0.90001833,0.2723521,0.8181818,0.7037037,0.0,0.0,0.0,1.6675631941964753E-7,1.2714628730980948E-6,5.148125234999412E-7,1.4208266592152796E-6,ROR,for,double[],1,15,2,2,3,0.75,Kill,non
ROR_34,sat,1,0.04755283,0.90001833,0.2723521,0.8181818,0.7037037,0.0,0.0,0.0,8.444770316362593E-7,6.390189849159178E-6,2.5841769768497613E-6,7.140283696194238E-6,ROR,for,double[],1,15,2,2,3,0.75,Kill,non
ROR_35,sat,1,0.04755283,0.90001833,0.2723521,0.8181818,0.7037037,0.0,0.0,0.0,5.210784086440157E-7,3.873282873545492E-6,1.5631028744689246E-6,4.326795461362387E-6,ROR,for,double[],1,15,2,2,3,0.75,Alive,equ
ROR_38,sat,1,0.051892355,0.9023571,0.2723521,0.9047619,0.8811881,0.0,0.0,0.0,3.532264568617549E-7,2.5903900175983097E-6,1.0417811587837278E-6,2.8931898916617627E-6,ROR,for,double[],1,15,2,2,3,0.5,Kill,non
ROR_39,sat,1,0.051892355,0.9023571,0.2723521,0.9047619,0.93430656,0.0,0.0,0.0,5.140964092209543E-7,3.8311591624706764E-6,1.5421356108769047E-6,4.280403045120451E-6,ROR,for,double[],1,15,2,2,3,0.0,Kill,non
ROR_40,sat,1,0.051892355,0.9023571,0.2723521,0.9047619,0.7037037,0.0,0.0,0.0,1.6675631941964753E-7,1.2714628730980948E-6,5.148125234999412E-7,1.4208266592152796E-6,ROR,for,double[],1,15,2,2,3,0.75,Kill,non
ROR_41,sat,1,0.051892355,0.9023571,0.2723521,0.9047619,0.7037037,0.0,0.0,0.0,8.444770316362593E-7,6.390189849159178E-6,2.5841769768497613E-6,7.140283696194238E-6,ROR,for,double[],1,15,2,2,3,0.75,Kill,non
ROR_42,sat,1,0.051892355,0.9023571,0.2723521,0.9047619,0.7037037,0.0,0.0,0.0,5.210784086440157E-7,3.873282873545492E-6,1.5631028744689246E-6,4.326795461362387E-6,ROR,for,double[],1,15,2,2,3,0.75,Alive,equ
COI_2,sat,1,0.04755283,0.90001833,0.2723521,0.8181818,0.93430656,0.0,0.0,0.0,5.29272131566394E-7,3.894571020901516E-6,1.5713581216214578E-6,4.349155209415478E-6,COI,for,double[],1,15,2,2,3,0.0,Kill,non
COI_3,sat,1,0.051892355,0.9023571,0.2723521,0.9047619,0.93430656,0.0,0.0,0.0,5.29272131566394E-7,3.894571020901516E-6,1.5713581216214578E-6,4.349155209415478E-6,COI,for,double[],1,15,2,2,3,0.0,Kill,non
LOI_20,sat,17,0.09631344,0.9255508,0.105914466,0.9166667,0.93430656,0.0,0.0,0.0,1.7703484511688572E-7,1.2994109120922914E-6,5.238000331253545E-7,1.4512408471611948E-6,LOI,expression,double[],1,15,2,1,3,0.0,Kill,non
LOI_21,sat,16,0.04219321,0.50751776,0.14616999,0.875,0.93430656,0.0,0.0,0.0,1.7703484511688572E-7,1.2994109120922914E-6,5.238000331253545E-7,1.4512408471611948E-6,LOI,if,double[],1,15,2,1,2,0.0,Kill,non
LOI_22,sat,2,0.16629648,0.7643857,0.122245416,0.8857143,0.93430656,0.0,0.0,0.0,1.7703484511688572E-7,1.2994109120922914E-6,5.238000331253545E-7,1.4512408471611948E-6,LOI,expression,double[],1,15,2,1,2,0.0,Kill,non
LOI_23,sat,2,0.16651607,0.7643857,0.122245416,0.962963,0.93430656,0.0,0.0,0.0,1.7703484511688572E-7,1.2994109120922914E-6,5.238000331253545E-7,1.4512408471611948E-6,LOI,expression,double[],1,15,2,1,2,0.0,Kill,non
LOI_24,sat,2,0.16651607,0.7643857,0.122245416,0.962963,0.93430656,0.0,0.0,0.0,1.7703484511688572E-7,1.2994109120922914E-6,5.238000331253545E-7,1.4512408471611948E-6,LOI,expression,double[],1,15,2,1,2,0.0,Kill,non
LOI_25,sat,1,0.04755283,0.90001833,0.2723521,0.8181818,0.93430656,0.0,0.0,0.0,1.7703484511688572E-7,1.2994109120922914E-6,5.238000331253545E-7,1.4512408471611948E-6,LOI,for,double[],1,15,2,2,3,0.0,Kill,non
LOI_26,sat,1,0.04755283,0.90001833,0.2723521,0.8181818,0.93430656,0.0,0.0,0.0,1.7703484511688572E-7,1.2994109120922914E-6,5.238000331253545E-7,1.4512408471611948E-6,LOI,for,double[],1,15,2,2,3,0.0,Kill,non
LOI_28,sat,1,0.08754499,0.5433557,0.4317635,0.8695652,0.93430656,0.0,0.0,0.0,1.7703484511688572E-7,1.2994109120922914E-6,5.238000331253545E-7,1.4512408471611948E-6,LOI,expression,double[],1,15,2,2,2,0.0,Kill,non
LOI_29,sat,1,0.08754499,0.5433557,0.4317635,0.8695652,0.93430656,0.0,0.0,0.0,1.7703484511688572E-7,1.2994109120922914E-6,5.238000331253545E-7,1.4512408471611948E-6,LOI,expression,double[],1,15,2,2,2,0.0,Kill,non
LOI_30,sat,1,0.051892355,0.9023571,0.2723521,0.9047619,0.93430656,0.0,0.0,0.0,1.7703484511688572E-7,1.2994109120922914E-6,5.238000331253545E-7,1.4512408471611948E-6,LOI,for,double[],1,15,2,2,3,0.0,Kill,non
LOI_31,sat,1,0.051892355,0.9023571,0.2723521,0.9047619,0.93430656,0.0,0.0,0.0,1.7703484511688572E-7,1.2994109120922914E-6,5.238000331253545E-7,1.4512408471611948E-6,LOI,for,double[],1,15,2,2,3,0.0,Kill,non
LOI_33,sat,1,0.08754499,0.59241223,0.47745997,0.9032258,0.93430656,0.0,0.0,0.0,1.7703484511688572E-7,1.2994109120922914E-6,5.238000331253545E-7,1.4512408471611948E-6,LOI,expression,double[],1,15,2,2,2,0.0,Kill,non
LOI_34,sat,1,0.08754499,0.59241223,0.47745997,0.9032258,0.93430656,0.0,0.0,0.0,1.7703484511688572E-7,1.2994109120922914E-6,5.238000331253545E-7,1.4512408471611948E-6,LOI,expression,double[],1,15,2,2,2,0.0,Kill,non
LOI_35,sat,1,0.08754499,0.59241223,0.47745997,0.9032258,0.93430656,0.0,0.0,0.0,1.7703484511688572E-7,1.2994109120922914E-6,5.238000331253545E-7,1.4512408471611948E-6,LOI,expression,double[],1,15,2,2,2,0.0,Kill,non
SDL_17,sat,16,0.04219321,0.50751776,0.14616999,0.875,0.8811881,0.046627343,0.053077646,0.075589046,6.32511733678065E-6,1.338448247634183E-5,5.249700475884467E-6,1.5098399047785982E-5,SDL,if,double[],1,15,2,1,2,0.0,Kill,non
SDL_20,sat,2,0.12630431,0.7965809,0.22676054,0.9444444,0.8811881,0.14865312,0.7977001,0.24146137,1.7829488972442853E-5,7.20665832459888E-5,2.3701435034384488E-5,9.323020625728873E-6,SDL,for,double[],1,15,2,2,3,0.0,Kill,non
SDL_22,sat,2,0.13086343,0.7965809,0.22676055,0.9130435,0.8811881,0.154954,0.79770005,0.2407001,2.0783882711206125E-5,4.987954665691685E-5,1.966619461746255E-5,9.323020625728873E-6,SDL,for,double[],1,15,2,2,3,0.0,Kill,non
VDL_6,sat,2,0.12630431,0.7965809,0.22676054,0.9444444,0.8811881,0.14865312,0.7977001,0.24146137,1.7829488972442853E-5,7.20665832459888E-5,2.3701435034384488E-5,9.323020625728873E-6,VDL,for,double[],1,15,2,2,3,0.5,Kill,non
VDL_7,sat,2,0.13086343,0.7965809,0.22676055,0.9130435,0.8811881,0.154954,0.79770005,0.2407001,2.0783882711206125E-5,4.987954665691685E-5,1.966619461746255E-5,9.323020625728873E-6,VDL,for,double[],1,15,2,2,3,0.5,Kill,non
ODL_13,sat,2,0.16629648,0.7643857,0.122245416,0.8857143,0.8811881,0.0,0.0,0.0,7.779293004217536E-7,4.772284114995529E-6,1.9823693341303184E-6,5.269955791087355E-6,ODL,expression,double[],1,15,2,1,2,0.5,Kill,non
ODL_14,sat,2,0.16629648,0.7643857,0.122245416,0.8857143,0.8811881,0.0,0.0,0.0,3.668583442140161E-6,5.036007849290591E-6,2.023616781809956E-6,5.670612170938227E-6,ODL,expression,double[],1,15,2,1,2,0.5,Kill,non
ODL_15,sat,2,0.16651607,0.7643857,0.122245416,0.962963,0.8811881,0.0,0.0,0.0,7.779293004217536E-7,4.772284114995529E-6,1.9823693341303184E-6,5.269955791087355E-6,ODL,expression,double[],1,15,2,1,2,0.5,Kill,non
ODL_16,sat,2,0.16651607,0.7643857,0.122245416,0.962963,0.8811881,0.0,0.0,0.0,8.002019121766679E-7,5.036007849290591E-6,2.023616781809956E-6,5.670612170938227E-6,ODL,expression,double[],1,15,2,1,2,0.5,Kill,non
ODL_17,sat,2,0.16651607,0.7643857,0.122245416,0.962963,0.8811881,0.0,0.0,0.0,2.389493858667713E-6,1.3805244029385655E-5,5.595411324388344E-6,1.5432036195028864E-5,ODL,expression,double[],1,15,2,1,2,0.5,Kill,non
ODL_18,sat,2,0.16651607,0.7643857,0.122245416,0.962963,0.8811881,0.0,0.0,0.0,7.695799266738135E-7,4.707710903328888E-6,1.8558209644581325E-6,5.323300045434465E-6,ODL,expression,double[],1,15,2,1,2,0.5,Kill,non
ODL_23,sat,1,0.08754499,0.59241223,0.47745997,0.9032258,0.8811881,0.0,0.0,0.0,7.779293004217536E-7,4.772284114995529E-6,1.9823693341303184E-6,5.269955791087355E-6,ODL,expression,double[],1,15,2,2,2,0.5,Kill,non
ODL_24,sat,1,0.08754499,0.59241223,0.47745997,0.9032258,0.8811881,0.05449373,0.057826236,0.0779589,3.2949198455201056E-6,5.036007849290591E-6,2.023616781809956E-6,5.670612170938227E-6,ODL,expression,double[],1,15,2,2,2,0.5,Kill,non
ODL_25,sat,1,0.08754499,0.59241223,0.47745997,0.9032258,0.8811881,0.05449373,0.057826236,0.0779589,5.5055836569728456E-6,1.4355935491816574E-5,5.900070293884951E-6,1.600690086756007E-5,ODL,expression,double[],1,15,2,2,2,0.5,Kill,non
ODL_26,sat,1,0.08754499,0.59241223,0.47745997,0.9032258,0.8811881,0.0,0.0,0.0,7.813946329982002E-7,4.778703735275336E-6,2.0173197481376803E-6,5.31570511030921E-6,ODL,expression,double[],1,15,2,2,2,0.5,Kill,non
AORB_25,sat,2,6.636657E-4,0.6538026,0.79762554,0.8857143,0.8811881,0.0,0.0,0.0,3.5312143675803043E-7,2.5870714039921694E-6,1.0409602073657709E-6,2.8902054379775777E-6,AORB,if,boolean,1,8,3,2,2,0.0,Kill,non
AORB_26,sat,2,6.636657E-4,0.6538026,0.79762554,0.8857143,0.8811881,0.0,0.0,0.0,3.533787179543779E-7,2.5931523582878313E-6,1.0429560449720654E-6,2.89703200129221E-6,AORB,if,boolean,1,8,3,2,2,0.0,Kill,non
AORS_16,sat,8,0.4141224,0.46249193,0.43333808,0.875,0.93430656,0.0,0.0,0.0,1.4131913581572064E-6,1.0365536496581562E-5,4.169340567239388E-6,1.1580311486292238E-5,AORS,for,boolean,1,8,3,2,3,0.0,Kill,non
AOIU_20,sat,2,0.163806,1.0,0.44699314,1.0,0.8811881,0.0,0.0,0.0,1.7603984558967056E-7,1.2864374223653385E-6,5.167954473250802E-7,1.4375640292607628E-6,AOIU,for,boolean,1,8,3,2,3,0.0,Kill,non
AOIU_21,sat,2,0.163806,1.0,0.44699314,1.0,0.8811881,0.0,0.0,0.0,1.7603984558967056E-7,1.2864374223653385E-6,5.167954473250802E-7,1.4375640292607628E-6,AOIU,for,boolean,1,8,3,2,3,0.0,Kill,non
AOIU_22,sat,2,6.636657E-4,0.6538026,0.79762554,0.8857143,0.8811881,0.0,0.0,0.0,1.7603984558967056E-7,1.2864374223653385E-6,5.167954473250802E-7,1.4375640292607628E-6,AOIU,if,boolean,1,8,3,2,2,0.0,Kill,non
AOIU_23,sat,2,6.636657E-4,0.6538026,0.79762554,0.8857143,0.8811881,0.0,0.0,0.0,1.7603984558967056E-7,1.2864374223653385E-6,5.167954473250802E-7,1.4375640292607628E-6,AOIU,if,boolean,1,8,3,2,2,0.0,Kill,non
AOIS_87,sat,4,0.163806,1.0,0.44699314,1.0,0.93430656,0.27103764,0.13876233,0.20012788,6.726066576367984E-6,5.192265204900792E-6,2.0943260673478292E-6,5.7982547723156586E-6,AOIS,for,boolean,1,8,3,2,3,0.0,Kill,non
AOIS_88,sat,4,0.163806,1.0,0.44699314,1.0,0.93430656,0.27103764,0.13876233,0.20012788,6.727032556663737E-6,5.144089073705338E-6,2.0666920363954233E-6,5.748350421330706E-6,AOIS,for,boolean,1,8,3,2,3,0.0,Kill,non
AOIS_89,sat,2,0.163806,1.0,0.44699314,1.0,0.93430656,0.27103764,0.13876233,0.20012788,4.8263935316095186E-6,5.192265204900792E-6,2.0943260673478292E-6,5.7982547723156586E-6,AOIS,for,boolean,1,8,3,2,3,0.0,Kill,non
AOIS_90,sat,2,0.163806,1.0,0.44699314,1.0,0.93430656,0.27103764,0.13876233,0.20012788,4.519762182297882E-6,5.144089073705338E-6,2.0666920363954233E-6,5.748350421330706E-6,AOIS,for,boolean,1,8,3,2,3,0.0,Kill,non
AOIS_95,sat,2,6.636657E-4,0.6538026,0.79762554,0.8857143,0.93430656,0.0,0.0,0.0,3.981281887832644E-6,5.192265204900792E-6,2.0943260673478292E-6,5.7982547723156586E-6,AOIS,if,boolean,1,8,3,2,2,0.0,Kill,non
AOIS_96,sat,2,6.636657E-4,0.6538026,0.79762554,0.8857143,0.93430656,0.0,0.0,0.0,4.273787890474168E-6,5.144089073705338E-6,2.0666920363954233E-6,5.748350421330706E-6,AOIS,if,boolean,1,8,3,2,2,0.0,Kill,non
AOIS_97,sat,2,6.636657E-4,0.6538026,0.79762554,0.8857143,0.93430656,0.0,0.0,0.0,1.0618187351596475E-6,5.192265204900792E-6,2.0943260673478292E-6,5.7982547723156586E-6,AOIS,if,boolean,1,8,3,2,2,0.0,Kill,non
AOIS_98,sat,2,6.636657E-4,0.6538026,0.79762554,0.8857143,0.93430656,0.0,0.0,0.0,1.056829768697476E-6,5.144089073705338E-6,2.0666920363954233E-6,5.748350421330706E-6,AOIS,if,boolean,1,8,3,2,2,0.0,Kill,non
AOIS_99,sat,2,6.636657E-4,0.6538026,0.79762554,0.8857143,0.93430656,0.0,0.0,0.0,3.981281887832644E-6,5.192265204900792E-6,2.0943260673478292E-6,5.7982547723156586E-6,AOIS,if,boolean,1,8,3,2,2,0.0,Kill,non
AOIS_100,sat,2,6.636657E-4,0.6538026,0.79762554,0.8857143,0.93430656,0.0,0.0,0.0,4.273787890474168E-6,5.144089073705338E-6,2.0666920363954233E-6,5.748350421330706E-6,AOIS,if,boolean,1,8,3,2,2,0.0,Kill,non
AOIS_101,sat,2,6.636657E-4,0.6538026,0.79762554,0.8857143,0.93430656,0.0,0.0,0.0,1.0618187351596475E-6,5.192265204900792E-6,2.0943260673478292E-6,5.7982547723156586E-6,AOIS,if,boolean,1,8,3,2,2,0.0,Alive,equ
AOIS_102,sat,2,6.636657E-4,0.6538026,0.79762554,0.8857143,0.93430656,0.0,0.0,0.0,1.056829768697476E-6,5.144089073705338E-6,2.0666920363954233E-6,5.748350421330706E-6,AOIS,if,boolean,1,8,3,2,2,0.0,Kill,non
ROR_45,sat,2,0.163806,1.0,0.44699314,1.0,0.8811881,0.0,0.0,0.0,3.532264568617549E-7,2.5903900175983097E-6,1.0417811587837278E-6,2.8931898916617627E-6,ROR,for,boolean,1,8,3,2,3,0.5,Kill,non
ROR_46,sat,2,0.163806,1.0,0.44699314,1.0,0.93430656,0.0,0.0,0.0,5.140964092209543E-7,3.8311591624706764E-6,1.5421356108769047E-6,4.280403045120451E-6,ROR,for,boolean,1,8,3,2,3,0.0,Kill,non
ROR_47,sat,2,0.163806,1.0,0.44699314,1.0,0.7037037,0.0,0.0,0.0,1.6675631941964753E-7,1.2714628730980948E-6,5.148125234999412E-7,1.4208266592152796E-6,ROR,for,boolean,1,8,3,2,3,0.75,Kill,non
ROR_48,sat,2,0.163806,1.0,0.44699314,1.0,0.7037037,0.0,0.0,0.0,8.444770316362593E-7,6.390189849159178E-6,2.5841769768497613E-6,7.140283696194238E-6,ROR,for,boolean,1,8,3,2,3,0.75,Kill,non
ROR_49,sat,2,0.163806,1.0,0.44699314,1.0,0.7037037,0.0,0.0,0.0,5.210784086440157E-7,3.873282873545492E-6,1.5631028744689246E-6,4.326795461362387E-6,ROR,for,boolean,1,8,3,2,3,0.75,Kill,non
ROR_52,sat,2,6.636657E-4,0.6538026,0.79762554,0.8857143,0.8811881,0.0,0.0,0.0,3.532264568617549E-7,2.5903900175983097E-6,1.0417811587837278E-6,2.8931898916617627E-6,ROR,if,boolean,1,8,3,2,2,0.5,Alive,non
ROR_53,sat,2,6.636657E-4,0.6538026,0.79762554,0.8857143,0.93430656,0.0,0.0,0.0,5.140964092209543E-7,3.8311591624706764E-6,1.5421356108769047E-6,4.280403045120451E-6,ROR,if,boolean,1,8,3,2,2,0.0,Kill,non
ROR_54,sat,2,6.636657E-4,0.6538026,0.79762554,0.8857143,0.7037037,0.0,0.0,0.0,1.6675631941964753E-7,1.2714628730980948E-6,5.148125234999412E-7,1.4208266592152796E-6,ROR,if,boolean,1,8,3,2,2,0.75,Kill,non
ROR_55,sat,2,6.636657E-4,0.6538026,0.79762554,0.8857143,0.7037037,0.0,0.0,0.0,8.444770316362593E-7,6.390189849159178E-6,2.5841769768497613E-6,7.140283696194238E-6,ROR,if,boolean,1,8,3,2,2,0.75,Kill,non
ROR_56,sat,2,6.636657E-4,0.6538026,0.79762554,0.8857143,0.7037037,0.0,0.0,0.0,5.210784086440157E-7,3.873282873545492E-6,1.5631028744689246E-6,4.326795461362387E-6,ROR,if,boolean,1,8,3,2,2,0.75,Alive,equ
COI_4,sat,2,0.163806,1.0,0.44699314,1.0,0.93430656,0.0,0.0,0.0,5.29272131566394E-7,3.894571020901516E-6,1.5713581216214578E-6,4.349155209415478E-6,COI,for,boolean,1,8,3,2,3,0.0,Kill,non
LOI_36,sat,2,0.163806,1.0,0.44699314,1.0,0.93430656,0.0,0.0,0.0,1.7703484511688572E-7,1.2994109120922914E-6,5.238000331253545E-7,1.4512408471611948E-6,LOI,for,boolean,1,8,3,2,3,0.0,Kill,non
LOI_37,sat,2,0.163806,1.0,0.44699314,1.0,0.93430656,0.0,0.0,0.0,1.7703484511688572E-7,1.2994109120922914E-6,5.238000331253545E-7,1.4512408471611948E-6,LOI,for,boolean,1,8,3,2,3,0.0,Kill,non
LOI_39,sat,2,6.636657E-4,0.6538026,0.79762554,0.8857143,0.93430656,0.0,0.0,0.0,1.7703484511688572E-7,1.2994109120922914E-6,5.238000331253545E-7,1.4512408471611948E-6,LOI,if,boolean,1,8,3,2,2,0.0,Kill,non
LOI_40,sat,2,6.636657E-4,0.6538026,0.79762554,0.8857143,0.93430656,0.0,0.0,0.0,1.7703484511688572E-7,1.2994109120922914E-6,5.238000331253545E-7,1.4512408471611948E-6,LOI,if,boolean,1,8,3,2,2,0.0,Kill,non
SDL_26,sat,4,0.4141224,0.46249193,0.43333808,0.875,0.8811881,0.5479007,0.46303418,0.44122797,1.739894038932377E-5,3.0915982793366936E-5,1.1575310207900813E-5,9.323020625728873E-6,SDL,for,boolean,1,8,3,2,3,0.0,Kill,non
SDL_27,sat,2,6.636657E-4,0.6538026,0.79762554,0.8857143,0.8811881,0.20878696,0.6554173,0.22164991,2.4745933129399766E-5,3.265881099157042E-5,1.3464720745814951E-5,3.667628280978885E-5,SDL,if,boolean,1,8,3,2,2,0.0,Kill,non
SDL_28,sat,3,0.11593133,9.7081397E-4,0.8896311,0.962963,0.8811881,0.0,0.0,0.0,1.2072733366341737E-6,8.997099532170871E-6,3.6241763086142242E-6,1.003256158971233E-5,SDL,return,boolean,1,8,3,2,1,0.0,Kill,non
SDL_29,sat,2,0.0,0.46249193,1.0,0.93333334,0.8811881,0.0,0.0,0.0,1.2060411762604417E-6,8.980467232300171E-6,3.6198506884188575E-6,1.0011617833649566E-5,SDL,return,boolean,1,8,3,1,1,0.0,Kill,non
VDL_8,sat,4,0.4141224,0.46249193,0.43333808,0.875,0.8811881,0.5479007,0.46303418,0.44122797,1.739894038932377E-5,3.0915982793366936E-5,1.1575310207900813E-5,9.323020625728873E-6,VDL,for,boolean,1,8,3,2,3,0.5,Kill,non
ODL_29,sat,2,6.636657E-4,0.6538026,0.79762554,0.8857143,0.8811881,0.0,0.0,0.0,7.355456049795706E-7,4.326549857602835E-6,1.7840256693046896E-6,4.844343825638475E-6,ODL,if,boolean,1,8,3,2,2,0.5,Kill,non
ODL_30,sat,2,6.636657E-4,0.6538026,0.79762554,0.8857143,0.8811881,0.0,0.0,0.0,7.522389210423697E-7,4.49646921785174E-6,1.864237812676528E-6,5.0207552745318296E-6,ODL,if,boolean,1,8,3,2,2,0.5,Kill,non
